{"0.6530072112948653":{"user_id":5},"0.9240167616281802":{"user_id":3}}